policy,threshold,accuracy,precision,recall,f1,specificity,false_positive_rate,balanced_accuracy,mcc,tn,fp,fn,tp,average_precision,roc_auc
default_zero,0.0,0.4100609756097561,0.39486356340288925,0.9609375,0.5597269624573379,0.0575,0.9425,0.50921875,0.04114821670643284,23,377,10,246,0.3859581813854023,0.514365234375
oof_max_f1,0.0005738159550776885,0.4100609756097561,0.39418416801292405,0.953125,0.5577142857142857,0.0625,0.9375,0.5078125,0.03303876598231797,25,375,12,244,0.3859581813854023,0.514365234375
oof_safety,0.007657075444186975,0.49390243902439024,0.41774891774891776,0.75390625,0.5376044568245125,0.3275,0.6725,0.5407031250000001,0.08701334712425374,131,269,63,193,0.3859581813854023,0.514365234375
