policy,threshold,accuracy,precision,recall,f1,specificity,false_positive_rate,balanced_accuracy,mcc,tn,fp,fn,tp,average_precision,roc_auc
default_zero,0.0,0.7103658536585366,0.7426470588235294,0.39453125,0.5153061224489796,0.9125,0.08750000000000002,0.653515625,0.36945490183640844,365,35,155,101,0.652712654151898,0.7401464843750001
oof_max_f1,-0.9516512901090459,0.5929878048780488,0.4881720430107527,0.88671875,0.6296809986130375,0.405,0.595,0.645859375,0.31323563417592315,162,238,29,227,0.652712654151898,0.7401464843750001
oof_safety,-0.3032644845043456,0.698170731707317,0.6435643564356436,0.5078125,0.5676855895196506,0.82,0.18000000000000005,0.6639062499999999,0.3463952093124096,328,72,126,130,0.652712654151898,0.7401464843750001
