Partition,Potability,N,Percent
Train,0,960,59.70149253731343
Train,1,648,40.298507462686565
Test,0,240,59.553349875930515
Test,1,163,40.44665012406948
