Model,Accuracy,Balanced_Accuracy,Precision,Recall,F1,MCC,ROC_AUC,Specificity,Unsafe_Acceptance,TN,FP,FN,TP
SVM_RBF,0.625,0.625,0.6,0.75,0.6666666666666666,0.2581988897471611,0.6875,0.5,0.5,4,4,2,6
QSVM_Custom,0.5625,0.5625,0.5714285714285714,0.5,0.5333333333333333,0.1259881576697424,0.6875,0.625,0.375,5,3,4,4
