scaling,maps,best_f1,mean_f1,mean_alignment
minmax,1,0.49568627450980385,0.49568627450980385,0.05022588103924107
robust_atan,9,0.6230065359477124,0.5834612465469018,0.06300509100229768
