policy,threshold,accuracy,precision,recall,f1,specificity,false_positive_rate,balanced_accuracy,mcc,tn,fp,fn,tp,average_precision,roc_auc
default_zero,0.0,0.6951219512195121,0.6609195402298851,0.44921875,0.5348837209302325,0.8525,0.1475,0.650859375,0.3333912019926141,341,59,141,115,0.6423704609067605,0.715703125
oof_f1,-0.973989492219218,0.5655487804878049,0.468682505399568,0.84765625,0.6036161335187761,0.385,0.615,0.616328125,0.24905516462763277,154,246,39,217,0.6423704609067605,0.715703125
safety_specificity,-0.2398795495559185,0.6798780487804879,0.6055045871559633,0.515625,0.5569620253164557,0.785,0.215,0.6503125000000001,0.31132197003291784,314,86,124,132,0.6423704609067605,0.715703125
