Feature,Feature_Label,Unit,Kaggle_Min,Kaggle_Q1,Kaggle_Median,Kaggle_Q3,Kaggle_Max,IQR,Lower_Fence_1.5IQR,Upper_Fence_1.5IQR,Lower_Fence_3IQR,Upper_Fence_3IQR,IRCACH_Min,IRCACH_Median,IRCACH_Max,Kaggle_Outlier_N,Kaggle_Outlier_Percent,IRCACH_Outlier_N,IRCACH_Outlier_Percent,IRCACH_Extreme_N,IRCACH_Extreme_Percent
ph,pH,unidades de pH,0.2274990502021987,6.089723451727306,7.027296860302588,8.052968799347518,13.999999999999998,1.9632453476202123,3.144855430296987,10.997836820777836,0.19998740886666866,13.942704842208155,4.46,7.44,8.24,31,1.5415216310293387,0,0.0,0,0.0
Hardness,Dureza total,mg/L como CaCO₃,73.4922336890611,176.74493764741982,197.19183941740528,216.44106974516586,317.33812405558257,39.696132097746045,117.20073950080075,275.98526789178493,57.656541354181684,335.529466038404,6.0,56.0,6367.0,49,2.4365987071108903,18,85.71428571428571,14,66.66666666666666
Sulfate,Sulfato,mg/L,129.00000000000003,307.6325114553708,332.23217745927707,359.3305546315728,481.0306423059972,51.69804317620202,230.08544669106774,436.87761939587585,152.5383819267647,514.4246841601789,2.02,11.62,297.33,37,1.8398806563898558,20,95.23809523809523,20,95.23809523809523
Conductivity,Conductividad,µS/cm,201.6197367551575,366.6803073904671,423.4559056800464,482.3731685748887,753.3426195583046,115.69286118442164,193.1410156138346,655.9124603515212,19.601723837202144,829.4517521281537,76.0,133.0,11090.0,7,0.34808552958727,18,85.71428571428571,2,9.523809523809524
