scaling,maps,best_f1,mean_f1,mean_alignment
minmax,1,0.4956862745098038,0.4956862745098038,0.050225881039241
robust_atan,9,0.6230065359477124,0.5834612465469018,0.0630050910022976
