accuracy,precision,recall,f1,specificity,balanced_accuracy,mcc,tn,fp,fn,tp,C,gamma,train_rows_before_balance,train_rows_after_balance,eval_rows,feature_set,n_features,features,cv_f1_mean,cv_balanced_accuracy_mean,cv_mcc_mean
0.6646341463414634,0.5656934306569343,0.60546875,0.5849056603773585,0.7025,0.6539843750000001,0.30461386406951463,281,119,101,155,10.0,scale,2620,2044,656,chem5_prev,5,Sulfate|ph|Solids|Chloramines|Hardness,0.5666423731828814,0.634472180463668,0.2646275509233048
0.6554878048780488,0.5539568345323741,0.6015625,0.5767790262172284,0.69,0.64578125,0.2878149480660275,276,124,102,154,10.0,auto,2620,2044,656,chem5_v01,5,Sulfate|ph|Conductivity|Chloramines|Hardness,0.5573024835333258,0.6269540979477654,0.25023301053218405
0.6402439024390244,0.5344827586206896,0.60546875,0.5677655677655677,0.6625,0.633984375,0.2632052738928539,265,135,101,155,10.0,scale,2620,2044,656,raw9,9,ph|Hardness|Solids|Chloramines|Sulfate|Conductivity|Organic_carbon|Trihalomethanes|Turbidity,0.5534259453409812,0.6183888692433163,0.23190626641832077
0.6158536585365854,0.5070422535211268,0.5625,0.5333333333333333,0.65,0.60625,0.20920799279564709,260,140,112,144,1.0,scale,2620,2044,656,chem4_v01,4,Sulfate|ph|Conductivity|Chloramines,0.5241804219756986,0.6067807860490324,0.21288333130122897
0.6509146341463414,0.5487364620938628,0.59375,0.5703564727954972,0.6875,0.640625,0.2777685168647815,275,125,104,152,1.0,scale,2620,2044,656,chem4_prev,4,Sulfate|ph|Solids|Chloramines,0.5156906430109057,0.5982901811615386,0.19595569398512774
