scaling,maps,best_f1,mean_f1,mean_alignment
minmax,1,0.5976470588235294,0.5976470588235294,0.07690923407243964
robust_atan,9,0.659792663476874,0.6294042444197242,0.09711077950193046
