split,rows,class_0,class_1,class_1_share
train,2620,1598,1022,0.3900763358778626
holdout,656,400,256,0.3902439024390244
