accuracy,precision,recall,f1,specificity,balanced_accuracy,mcc,tn,fp,fn,tp,C,gamma,train_rows_before_balance,train_rows_after_balance,eval_rows,feature_set,n_features,features,cv_f1_mean,cv_balanced_accuracy_mean,cv_mcc_mean
0.6646341463414634,0.5656934306569343,0.60546875,0.5849056603773585,0.7025,0.6539843750000001,0.30461386406951463,281,119,101,155,10.0,scale,2620,2044,656,chem5_prev,5,Sulfate|ph|Solids|Chloramines|Hardness,0.5666423731828814,0.634472180463668,0.2646275509233048
0.6402439024390244,0.5344827586206896,0.60546875,0.5677655677655677,0.6625,0.633984375,0.2632052738928539,265,135,101,155,10.0,scale,2620,2044,656,raw9,9,ph|Hardness|Solids|Chloramines|Sulfate|Conductivity|Organic_carbon|Trihalomethanes|Turbidity,0.5534259453409812,0.6183888692433163,0.23190626641832077
0.6509146341463414,0.5487364620938628,0.59375,0.5703564727954972,0.6875,0.640625,0.2777685168647815,275,125,104,152,1.0,scale,2620,2044,656,chem4_prev,4,Sulfate|ph|Solids|Chloramines,0.5156906430109057,0.5982901811615386,0.19595569398512774
0.4603658536585366,0.3948497854077253,0.71875,0.5096952908587258,0.295,0.506875,0.014787096860667055,118,282,72,184,10.0,0.01,2620,2044,656,preview4,4,ph|Solids|Conductivity|Turbidity,0.4938589099603744,0.5255887539184952,0.054612112514256975
