fold,C,gamma,n_train,n_valid,accuracy,precision,recall,f1,specificity,balanced_accuracy,mcc,tn,fp,fn,tp
0,10.0,0.01,64,16,0.6875,0.6153846153846154,1.0,0.7619047619047619,0.375,0.6875,0.48038446141526137,3,5,0,8
1,10.0,0.01,64,16,0.75,0.75,0.75,0.75,0.75,0.75,0.5,6,2,2,6
2,10.0,0.01,64,16,0.875,0.875,0.875,0.875,0.875,0.875,0.75,7,1,1,7
3,10.0,0.01,64,16,0.5625,0.5714285714285714,0.5,0.5333333333333333,0.625,0.5625,0.1259881576697424,5,3,4,4
4,10.0,0.01,64,16,0.5,0.5,0.25,0.3333333333333333,0.75,0.5,0.0,6,2,6,2
