feature,top5_frequency,permutation_mean,permutation_std_across_folds,impurity_mean
Sulfate,1.0,0.054099786053637876,0.03063216259122059,0.12724563748298484
ph,1.0,0.044615217728188425,0.015936446422981924,0.1272372806501943
Solids,1.0,0.032012650561259945,0.013982941687640926,0.11802768976153004
Chloramines,1.0,0.027472732671108235,0.003969773386683526,0.11527087895376997
Hardness,1.0,0.022854614940942753,0.014263037311851556,0.11502947274543174
Trihalomethanes,0.0,0.006690187744088775,0.00873740793431488,0.09964761982496988
Conductivity,0.0,0.005898661556672859,0.009587929102235208,0.10384985034984233
Turbidity,0.0,0.003804665089060835,0.014746308148226441,0.0962916293067809
Organic_carbon,0.0,-0.0029395629643599332,0.005076982942168122,0.09739994092449597
