model,map,kernel_mode,C,gamma,accuracy,balanced_accuracy,precision,recall,specificity,f1,mcc,tn,fp,fn,tp
pytket_pauli_kernel,pauli_Z_ZZ_ring_r1_robust,centered_normalized,10.0,,0.5426829268292683,0.528671875,0.4219858156028369,0.46484375,0.5925,0.4423791821561338,0.05650354724654985,237,163,137,119
classical_rbf_same_80,classical_rbf,rbf,10.0,scale,0.5335365853658537,0.555625,0.43523316062176165,0.65625,0.455,0.5233644859813084,0.11027433908172711,182,218,88,168
